ID_Dünger;ID_DuengerArt;Bezeichnung;Duenger_lang;Einheit;Nges_PrzFM;NO3_N_PrzFM;NH4_N_PrzFM;Harnstoff_N_PrzFM;P_PrzFM;K_PrzFM;S_PrzFM;Mg_PrzFM;P2O5_PrzFM;K2O_PrzFM;CaCO3_PRZFM;THG_Faktor;Dichte_kg_je_l;Feldemission-N2O-Faktor;Feldemission-NO-Faktor;Feldemission-NH3-Faktor;Feldemission-organisch-NH3-Faktor;KEA_Biomasse;KEA_Fossil;KEA_Geothermal;KEA_Nuklear;KEA_Primaerwald;KEA_Sonne;KEA_Wasser;KEA_Wind;Summe KEA_Dünger [MJ/kg Dünger];ID_DuengerArt;ID_Frucht;Frucht;ID_Frucht;Fruchtart-Faktor N2O;Fruchtart-Faktor NO;Fruchtart-Faktor NH3
D30;2;AHL;Ammoniumnitrat-Harnstoff-Lösung;l/ha;28;7;7;14;0;0;0;0;0;0;;1,671;1,28;0,0038;0,0061;0;0;0,163;18,737;0,016;0,694;0;0;0,179;0,022;19,811;2;102;Amarant;102;0;0;-0,045
D32;2;AHL + Ammonium;Ammoniumnitrat-Harnstoff-Lösung + Ammonium;kg/ha;27;;;0;0;0;3;0;0;0;;1,612;1;0,0038;0,0061;0;0;0,157;18,068;0,015;0,67;0;0;0,172;0,021;19,104;2;250;Blühmischung;250;0,442;0;-0,045
D202;2;AHL + Ammoniumthiosulfat, 24-6;Ammoniumnitrat-Harnstoff-Lösung + Ammoniumthiosulfat, 24-6;l/ha;24;5,33;7,11;11,55;0;0;6;0;0;0;;1,433;1,28;0,0038;0,0061;0;0;0,139;16,06;0,014;0,595;0;0;0,153;0,019;16,981;2;195;Bokharaklee;195;0,3783;0;-0,045
D200;2;AHL + Ammoniumthiosulfat, 27-3;Ammoniumnitrat-Harnstoff-Lösung + Ammoniumthiosulfat, 27-3;l/ha;27;6;8;13;0;0;3;0;0;0;;1,612;1,29;0,0038;0,0061;0;0;0,157;18,068;0,015;0,67;0;0;0,172;0,021;19,104;2;208;Buchweizen;208;0;0;-0,158
D31;2;AHL+Schwefel;Ammoniumnitrat-Harnstoff-Lösung mit Schwefel;l/ha;24;5;8;0;0;0;3;0;0;0;;1,612;1,28;0,0038;0,0061;0;0;0,157;18,068;0,015;0,67;0;0;0,172;0,021;19,104;2;184;Deutsches Weidelgras;184;-0,3502;0;-0,158
D140;2;Alzon ;Alzon (Nitrifikationshemmer);kg/ha;46;0;0;43;0;0;0;0;0;0;;0,611;1;0,0038;0,0061;0;0;0,267;30,782;0,026;0,254;0;0;0,294;0,037;31,66;2;245;Deutsches Weidelgras, Welsches Weidelgras;245;-0,3502;0;-0,158
D206;2;Alzon flüssig-S;Alzon flüssig-S;l/ha;24;5;8;11;0;0;3;0;0;0;;1,433;1,28;0,0038;0,0061;0;0;0,139;16,06;0,014;0,595;0;0;0,153;0,019;16,981;2;182;Einj. Weidelgras;182;-0,3502;0;-0,158
D41;2;"Ammonsulfat-Harnstoff, ""Urea S""";"Ammonsulfat-Harnstoff, ""Urea S""";kg/ha;38;0;6,6;31,4;0;0;7;0;0;0;;1,27;1;0,0038;0,0061;0,429;0;1,923;23,417;0,143;0,979;0,001;1,773;0,316;0,14;28,691;2;111;Erbse;111;0,3783;0;-0,045
D42;2;ASS;Ammonsulfatsalpeter;kg/ha;26;7;19;0;0;0;13;0;0;0;;0,489;1;0,0038;0,0061;0,429;0;6,981;0,422;0,489;0,002;0,002;6,981;0,422;0,422;15,721;2;112;Erbse, Hafer, Leindotter;112;0,3783;0;-0,045
D2;2;Branntkalk;Branntkalk;kg/ha;0;0;0;0;0;0;0;0;0;0;;0,002;1;0;0;0;0;0,001;0,039;0,001;0,001;0;0;0,001;0,001;0,044;2;115;Erbse, S.Gerste;115;0,3783;0;-0,045
D135;2;Calciumcarbonat;Calciumcarbonat;kg/ha;0;0;0;0;0;0;0;0,3;0;0;100;0,002;1;0;0;0;0;0,001;0,039;0,001;0,001;0;0;0,001;0,001;0,044;2;116;Erbse, Senf, S.Gerste;116;0,3783;0;-0,045
D3;2;Carbokalk;Carbokalk, Brottewitz;kg/ha;0,3;;;0;0,3052;0;0,23;0,603;0,69933528;0;45;0,002;1;0,0038;0,0061;0;0;0,001;0,039;0,001;0,001;0;0;0,001;0,001;0,044;2;180;Futterhirse;180;0,442;0;-0,045
D57;2;Diammonphosphat;Diammonphosphat;kg/ha;18;0;18;0;20,056;0;0,05;0;45,9563184;0;;0,85;1,619;0,0038;0,0061;0,182;0;0,376;27,097;0,04;1,23;0,043;0;0,414;0,035;29,235;2;119;Gerstgras;119;0,442;0;-0,158
D134;2;Dolokorn 90;Dolokorn 90;kg/ha;0;0;0;0;0;0;0;8,65;0;0;60;0,002;1;0;0;0;0;0,001;0,039;0,001;0,001;0;0;0,001;0,001;0,044;2;120;Hafer;120;0;0;-0,045
D213;2;Entec 26;Entec 26;kg/ha;26;7,5;18,5;;;;;13;;;;0,489;1;0,0038;0,0061;0,429;0;6,981;0,422;0,489;0,002;0,002;6,981;0,422;0,422;15,721;2;127;Kartoffeln;127;0,442;0;-0,045
D614;1;Gärrest  (0,1 % N, NawaRo) ohne Abdeckung;Gärrest;m3/ha;0,18;;0,18;;0,05;0,13;;;0,11457;0,15665;;0;1;0,0038;0,0061;0,995;0,2;0;0;0;0;0;0;0;0;0;1;128;Kleegras;128;0,3783;0;-0,045
D600;1;Gärrest  (0,1 % N, NawaRo) mit Abdeckung;Gärrest;m3/ha;0,18;;0,18;;0,05;0,13;;;0,11457;0,15665;;0;1;0,0038;0,0061;0,995;0,4;0;0;0;0;0;0;0;0;0;1;20;Landsberger Gemenge;20;-0,3502;0;-0,045
D617;1;Gärrest  (0,2 % N, Rindermist + NawaRo) ohne Abdeckung;Gärrest;m3/ha;0,25;0;0,19;0;0,04;0,24;0;0;0,091656;0,2892;;0;1;0,0038;0,0061;0,995;0,2;0;0;0;0;0;0;0;0;0;1;187;Luzerne;187;0,3783;0;-0,045
D602;1;Gärrest  (0,2 % N, Rindermist + NawaRo) mit Abdeckung;Gärrest;m3/ha;0,25;0;0,19;0;0,04;0,24;0;0;0,091656;0,2892;;0;1;0,0038;0,0061;0,995;0,4;0;0;0;0;0;0;0;0;0;1;139;Luzernegras;139;0,3783;0;-0,045
D612;1;Gärrest  (0,3 % N, Rindermist + Nawaro) ohne Abdeckung;Gärrest;m3/ha;0,31;0;0,17;0;0,09;0,24;0;0;0,206226;0,2892;;0;1;0,0038;0,0061;0,995;0,2;0;0;0;0;0;0;0;0;0;1;140;Luzerne-Klee-Gras;140;0,3783;0;-0,045
D609;1;Gärrest  (0,3 % N, Rindermist + Nawaro) mit Abdeckung;Gärrest;m3/ha;0,31;0;0,17;0;0,09;0,24;0;0;0,206226;0,2892;;0;1;0,0038;0,0061;0,995;0,4;0;0;0;0;0;0;0;0;0;1;141;Mais;141;0,442;0;-0,045
D664;1;Gärrest  (0,4 % N, Nawaro) ohne Abdeckung;Gärrest;m3/ha;0,447;0;0,24333;0;0,0873;0,4372;;;0,20003922;0,526826;;0;1;0,0038;0,0061;0,995;0,2;0;0;0;0;0;0;0;0;0;1;220;Mais, Sudangras;220;0,442;0;-0,045
D607;1;Gärrest  (0,4 % N, Nawaro) mit Abdeckung;Gärrest;m3/ha;0,447;0;0,24333;0;0,0873;0,4372;;;0,20003922;0,526826;;0;1;0,0038;0,0061;0,995;0,4;0;0;0;0;0;0;0;0;0;1;142;Mais, Sonnenblume;142;0,442;0;-0,045
D629;1;Gärrest  (0,5 % N, Nawaro) ohne Abdeckung;Gärrest;m3/ha;0,46;0;0,22;0;0,07;0,3;0;0;0,160398;0,3615;;0;1;0,0038;0,0061;0,995;0,2;0;0;0;0;0;0;0;0;0;1;41;Ölrettich;41;0,442;0;-0,045
D601;1;Gärrest  (0,5 % N, Nawaro) mit Abdeckung;Gärrest;m3/ha;0,46;0;0,22;0;0,07;0,3;0;0;0,160398;0,3615;;0;1;0,0038;0,0061;0,995;0,2;0;0;0;0;0;0;0;0;0;1;25;Phacelia;25;0,442;0;-0,045
D625;1;Gärrest  (0,6 % N, Rindermist + Nawaro) ohne Abdeckung;Gärrest;m3/ha;0,59;0;0,41;0;0,072006;0,55478;0,000616;0,03682;0,164994548;0,6685099;;0;1;0,0038;0,0061;0,995;0,2;0;0;0;0;0;0;0;0;0;1;185;Rotklee;185;0,3783;0;-0,045
D603;1;Gärrest  (0,6 % N, Rindermist + Nawaro) mit Abdeckung;Gärrest;m3/ha;0,59;0;0,41;0;0,072006;0,55478;0,000616;0,03682;0,164994548;0,6685099;;0;1;0,0038;0,0061;0,995;0,2;0;0;0;0;0;0;0;0;0;1;145;S.Gerste;145;0;0;-0,045
D628;1;Gärrest  (0,7 % N, Hühnermist + Nawaro) ohne Abdeckung;Gärrest;m3/ha;0,7;0;0,39;0;0,12;0,66;0;0;0,274968;0,7953;;0;1;0,0038;0,0061;0,995;0,2;0;0;0;0;0;0;0;0;0;1;211;S.Raps;211;0,442;0;-0,158
D610;1;Gärrest  (0,7 % N, Hühnermist + Nawaro) mit Abdeckung;Gärrest;m3/ha;0,7;0;0,39;0;0,12;0,66;0;0;0,274968;0,7953;;0;1;0,0038;0,0061;0,995;0,2;0;0;0;0;0;0;0;0;0;1;147;S.Roggen;147;0;0;-0,045
;1;Geflügeltrockenkot;;kg/ha;4,6;;;;;;;;0;0;;0;1;0,0038;0,0061;0,995;0,9;0,031;0;0;0;0,00E+00;0;0;0;0;1;148;S.Roggen S.Triticale;148;0;0;-0,045
D5;2;Granukal ;Granukal 85;kg/ha;0;0;0;0;0;0;0;1,44117;0;0;80;0,005;1;0;0;0;0;0,001;0,084;0;0,002;0;0;0,002;0;0,089;2;150;S.Triticale;150;0;0;-0,045
D44;2;Harnstoff;Harnstoff;kg/ha;46;0;0;46;0;0;0;0;0;0;;1,679;1;0,0038;0,0061;0,666;0;0,22;34,149;0,028;1,433;0,001;0,001;0,305;0,048;36,185;2;151;S.Weizen;151;0;0;-0,045
D24;2;Kainit;Kainit;kg/ha;0;0;0;0;0;9,13;4;3,015;0;11,00165;;0,007;1;0;0;0;0;0,005;0,278;0;0,005;0;0;0,001;0;0,29;2;43;Senf;43;0,442;0;-0,045
D21;2;Kali 40;Kali 40;kg/ha;0;0;0;0;0;33,2;4;3,618;0;40,006;;0,16;1;0;0;0;0;0,027;0,199;0,002;0,001;0;0;0;0;0,228;2;157;Sonnenblumen;157;0,442;0;-0,045
D22;2;Kali 50;Kali 50;kg/ha;0;0;0;0;0;41,5;0;0;0;50,0075;;0,2;1;0;0;0;0;0,084;3,701;0,005;0,151;0;0;0,059;0,004;4,004;2;160;Sudangras;160;0,442;0;-0,045
D23;2;Kali 60;Kali 60;kg/ha;0;0;0;0;0;49,8;0;0;0;60,009;;0,24;1;0;0;0;0;0,04;0,298;0,003;0,001;0;0;0;0;0,342;2;161;Topinambur;161;0,442;0;-0,045
D25;2;Kaliumsulfat;Kaliumsulfat;kg/ha;0;0;0;0;0;41,5;18;0;0;50,0075;;0,482;1;0;0;0;0;0,606;12,439;0,019;0,019;0,001;0;0,265;0,025;13,373;2;163;W.Erbse, W.Roggen;163;0;0;-0,045
D17;2;Kalk I (70% CaCO3);Saale Kalk I;kg/ha;0;0;0;0;0;0;0;5,765283;0;0;70;0,002;1;0;0;0;0;0,001;0,039;0,001;0,001;0;0;0,001;0,001;0,044;2;164;W.Gerste;164;0;0;-0,045
D18;2;Kalk II (55% CaCO3);Saale Kalk II;kg/ha;0;0;0;0;0;0;0;10,088793;0;0;55;0,002;1;0;0;0;0;0,001;0,039;0,001;0,001;0;0;0,001;0,001;0,044;2;167;W.Gerste, W.Rübsen;167;0;0;-0,045
D151;2;Kalk, Optiflor 80/10;Kalk, Optiflor 80/10;kg/ha;0;0;0;0;0;0;0;3;0;0;80;0,002;1;0;0;0;0;0,001;0,039;0,001;0,001;0;0;0,001;0,001;0,044;2;169;W.Gerste, W.Triticale, W.Weizen;169;0;0;-0,045
D152;2;Kalkmergel CaO 47%;Kalkmergel CaO 47%;kg/ha;0;0;0;0;0;0;0;0;0;0;;0,005;1;0;0;0;0;0,001;0,084;0;0,002;0;0;0,002;0;0,089;2;170;W.Raps;170;0;0;-0,045
D6;2;Kalkmergel Mg-Kalk 85;Kalkmergel Mg-Kalk 85;kg/ha;0;0;0;0;0;0;0;10,08819;0;0;;0,005;1;0;0;0;0;0,001;0,084;0;0,002;0;0;0,002;0;0,089;2;172;W.Roggen;172;0;0;-0,045
D47;2;KAS;Kalkammonsalpeter;kg/ha;27;13,5;13,5;0;0;0;0,05;0;0;0;26;2,315;1,1;0,0038;0,0061;-1,064;0;0,184;17,531;0,015;0,527;0,003;0;0,188;0,016;18,464;2;222;W.Roggen, W.Triticale;222;0;0;-0,045
D48;2;KAS mit Magnesium;Kalkammonsalpeter mit Magnesium;kg/ha;27;13,5;13,5;0;0;0;0,05;1,809;0;0;26;2,315;1;0,0038;0,0061;-1,064;0;0,184;17,531;0,015;0,527;0,003;0;0,188;0,016;18,464;2;173;W.Roggen, W.Wicken;173;0;0;-0,045
D145;2;Kemistar;Kemistar;kg/ha;15;4;11;0;13,092619;0;4;2,713661;30,00042718;0;;1,527;1;0,0038;0,0061;-0,748;0;;12,334;;0,468;;;;;12,802;2;175;W.Triticale;175;0;0;-0,045
D130;2;Kieserit fein;Kieserit fein;kg/ha;0;0;0;0;0;0;22;16,281;0;0;;0,288;1;0;0;0;0;3,62;2,045;0,288;0,001;0,001;3,62;2,045;2,045;13,665;2;233;W.Triticale, W.Erbse;233;0;0;-0,045
D131;2;Kieserit granuliert;Kieserit granuliert;kg/ha;0;0;0;0;0;0;21;15,075;0;0;;0,288;1;0;0;0;0;3,62;2,045;0,288;0,001;0,001;3,62;2,045;2,045;13,665;2;224;W.Triticale, W.Weizen;224;0;0;-0,045
D150;2;Korn-Kali;Korn-Kali;kg/ha;0;0;0;0;0;33,20591;4;3,61822;0;40,01312155;;0,009;1;0;0;0;0;0,007;0,345;0;0;0;0;0,002;0;0,354;2;244;W.Triticale, W.Wicke;244;0;0;-0,045
D27;2;Magnesia-Kainit;Magnesia-Kainit;kg/ha;0;0;0;0;0;9,13;4;3,015;0;11,00165;;0,007;1;0;0;0;0;0,005;0,278;0;0,005;0;0;0,001;0;0,29;2;176;W.Weizen;176;0;0;-0,045
D9;2;Magnesium-Branntkalk;Magnesium-Branntkalk;kg/ha;0;0;0;0;0;0;0;15,075;0;0;;0,002;1;0;0;0;0;0,001;0,039;0,001;0,001;0;0;0,001;0,001;0,044;2;177;W.Wicke;177;0;0;-0,045
D147;2;Mangan Chelat;Mangan Chelat;l/ha;0;0;0;0;0;0;0;0;0;0;;0,108;1,32;0;0;0;0;0,058;1,59;0,013;0,602;0;0;0,438;0,021;2,722;2;179;Welsches Weidelgras;179;-0,3502;0;-0,158
D58;2;Monoammonphosphat;Monoammonphosphat;kg/ha;12;0;12;0;22,672;0;0,05;0;51,9506208;0;;1,058;1,1;0,0038;0,0061;-0,622;0;0,61;38,116;0,065;1,896;0,073;0;0,666;0,054;41,482;2;181;Zuckerrüben;181;0,442;0;-0,045
D54;2;NK-Dünger 19-11;NK-Dünger 19-11;kg/ha;19;;;0;0;9,13;0,05;0;0;11,00165;;0,479;1;0,0038;0,0061;-0,748;0;0,045;3,575;0,003;11248,76;0;0;0,05;0,004;11252,437;2;;;;;;
D55;2;NK-Dünger 21-10;NK-Dünger 21-10;kg/ha;21;;;0;0;8,3;0,05;0;0;10,0015;;0,529;1;0,0038;0,0061;-0,748;0;0,05;3,951;0,004;12432,84;0;0;0,055;0,004;12436,904;2;;;;;;
D61;2;NP-Dünger 18-20;NP-Dünger 18-20;kg/ha;18;18;;0;8,72;0;0,05;0;19,981008;0;;0,564;1;0,0038;0,0061;-0,748;0;3,374;6,805;0,239;0,788;0,012;3,254;0,599;0,463;15,534;2;;;;;;
D56;2;NP-Dünger 20-15;NP-Dünger 20-15;kg/ha;20;20;;0;6,54;0;0,05;0;14,985756;0;;0,547;1;0,0038;0,0061;-0,748;0;2,574;7,403;0,186;0,874;0,013;2,44;0,508;0,357;14,356;2;;;;;;
D62;2;NP-Dünger 20-20;NP-Dünger 20-20;kg/ha;20;20;;0;8,72;0;0,05;0;19,981008;0;;0,602;1;0,0038;0,0061;-0,748;0;3,387;7,513;0,241;0,875;0,013;3,254;0,617;0,466;16,366;2;;;;;;
D63;2;NP-Dünger 23-13;NP-Dünger 23-13;kg/ha;23;23;;0;5,668;0;0,05;0;12,9876552;0;;0,581;1;0,0038;0,0061;-0,748;0;2,269;8,421;0,166;1,005;0,014;2,115;0,492;0,318;14,8;2;;;;;;
D64;2;NPK 13-16-24;NPK 13-16-24;kg/ha;13;4,42;8,58;0;6,976;19,92;0,05;0;15,9848064;24,0036;;1,365;1;0,0038;0,0061;-0,748;0;;11,256;;0,383;;;;;11,639;2;;;;;;
D67;2;NPK 18-8-15;NPK 18-8-15;kg/ha;18;6;12;0;3,488;12,45;0,05;0;7,9924032;15,00225;;1,602;1;0,0038;0,0061;-0,748;0;;11,478;;0,279;;;;;11,758;2;;;;;;
D70;2;NPK-Dünger 12-12-12;NPK-Dünger 12-12-12;kg/ha;12;4;8;0;5,232;9,96;0;0;11,9886048;12,0018;;1,16;1;0,0038;0,0061;-0,748;0;;8,937;;0,27;;;;;9,207;2;;;;;;
D136;2;NPK-Dünger 12-12-17;NPK-Dünger 12-12-17;kg/ha;12;4;8;0;5,232;14,11;;;11,9886048;17,00255;;1,193;1;0,0038;0,0061;-0,748;0;;9,43;;0,296;;;;;9,726;2;;;;;;
D71;2;NPK-Dünger 13-13-21;NPK-Dünger 13-13-21;kg/ha;13;4,42;8,58;0;5,668;17,43;0,05;0;12,9876552;21,00315;;1,31;1;0,0038;0,0061;-0,748;0;;10,471;;0,334;;;;;10,805;2;;;;;;
D73;2;NPK-Dünger 15-11-11;NPK-Dünger 15-11-11;kg/ha;15;;;0;4,796;9,13;0,05;0;10,9895544;11,00165;;1,376;1;0,0038;0,0061;-0,748;0;;10,124;;0,273;;;;;10,397;2;;;;;;
D74;2;NPK-Dünger 15-15-15;NPK-Dünger 15-15-15;kg/ha;15;5;10;0;6,54;12,45;0,05;0;14,985756;15,00225;;1,45;1;0,0038;0,0061;-0,748;0;;11,171;;0,337;;;;;11,509;2;;;;;;
D76;2;NPK-Dünger 15-17-17;NPK-Dünger 15-17-17;kg/ha;15;5;10;0;7,412;14,11;0,05;0;16,9838568;17,00255;;1,487;1;0,0038;0,0061;-0,748;0;;11,695;;0,37;;;;;12,065;2;;;;;;
D77;2;NPK-Dünger 15-6-20;NPK-Dünger 15-6-20;kg/ha;15;5;10;0;2,616;16,6;0,05;0;5,9943024;20,003;;1,377;1;0,0038;0,0061;-0,748;0;;10,196;;0,264;;;;;10,461;2;;;;;;
D78;2;NPK-Dünger 15-9-20;NPK-Dünger 15-9-20;kg/ha;15;5;10;0;3,924;16,6;0,05;0;8,9914536;20,003;;1,412;1;0,0038;0,0061;-0,748;0;;10,686;;0,297;;;;;10,983;2;;;;;;
D79;2;NPK-Dünger 16-15-15;NPK-Dünger 16-15-15;kg/ha;16;6;9;0;6,54;12,45;0,05;0;14,985756;15,00225;;1,528;1;0,0038;0,0061;-0,748;0;;11,654;;0,344;;;;;11,998;2;;;;;;
D80;2;NPK-Dünger 16-16-16;NPK-Dünger 16-16-16;kg/ha;16;6;9;0;6,976;13,28;0,05;0;15,9848064;16,0024;;1,546;1;0,0038;0,0061;-0,748;0;;11,916;;0,36;;;;;12,276;2;;;;;;
D81;2;NPK-Dünger 17-13-13;NPK-Dünger 17-13-13;kg/ha;17;5,78;11,22;0;5,668;10,79;0,05;0;12,9876552;13,00195;;1,569;1;0,0038;0,0061;-0,748;0;;11,614;;0,318;;;;;11,931;2;;;;;;
D82;2;NPK-Dünger 17-15-15;NPK-Dünger 17-15-15;kg/ha;17;5,78;11,22;0;6,54;12,45;0,05;0;14,985756;15,00225;;1,606;1;0,0038;0,0061;-0,748;0;;12,137;;0,35;;;;;12,487;2;;;;;;
D83;2;NPK-Dünger 17-17-17;NPK-Dünger 17-17-17;kg/ha;17;5,78;11,22;0;7,412;14,11;0,05;0;16,9838568;17,00255;;1,643;1;0,0038;0,0061;-0,748;0;;12,661;;0,382;;;;;13,043;2;;;;;;
D84;2;NPK-Dünger 19-3-5;NPK-Dünger 19-3-5;kg/ha;19;6,46;12,54;0;1,308;4,15;0,05;0;2,9971512;5,00075;;1,554;1;0,0038;0,0061;-0,748;0;;10,16;;0,179;;;;;10,338;2;;;;;;
D85;2;NPK-Dünger 19-7-7;NPK-Dünger 19-7-7;kg/ha;19;6,46;12,54;0;3,052;5,81;0,05;0;6,9933528;7,00105;;1,615;1;0,0038;0,0061;-0,748;0;;11,009;;0,233;;;;;11,242;2;;;;;;
D86;2;NPK-Dünger 22-8-8;NPK-Dünger 22-8-8;kg/ha;22;7,26;14,74;0;3,488;6,64;9;0;7,9924032;8,0012;;1,868;1;0,0038;0,0061;-0,748;0;;12,72;;0,268;;;;;12,988;2;;;;;;
D87;2;NPK-Dünger 24-13-13;NPK-Dünger 24-13-13;kg/ha;24;8;16;0;5,668;10,79;0,05;0;12,9876552;13,00195;;2,117;1;0,0038;0,0061;-0,748;0;;14,995;;0,362;;;;;15,357;2;;;;;;
D88;2;NPK-Dünger 27-10-10;NPK-Dünger 27-10-10;kg/ha;27;9;18;0;4,36;8,3;0,05;0;9,990504;10,0015;;2,296;1;0,0038;0,0061;-0,748;0;;15,659;;0,332;;;;;15,991;2;;;;;;
D89;2;NPK-Dünger 5-14-28;NPK-Dünger 5-14-28;kg/ha;5;1,7;3,3;0;6,104;23,24;0,05;0;13,9867056;28,0042;;0,743;1;0,0038;0,0061;-0,748;0;;7,46;;0,331;;;;;7,791;2;;;;;;
D90;2;NPK-Dünger 5-16-35;NPK-Dünger 5-16-35;kg/ha;5;1,7;3,3;0;6,976;29,05;0,05;0;15,9848064;35,00525;;0,813;1;0,0038;0,0061;-0,748;0;;8,477;;0,389;;;;;8,866;2;;;;;;
D91;2;NPK-Dünger 5-20-30;NPK-Dünger 5-20-30;kg/ha;5;1,7;3,3;0;8,72;24,9;0,05;0;19,981008;30,0045;;0,827;1;0,0038;0,0061;-0,748;0;;8,636;;0,407;;;;;9,044;2;;;;;;
D92;2;NPK-Dünger 6-12-18;NPK-Dünger 6-12-18;kg/ha;6;2;4;0;5,232;14,94;0,05;0;11,9886048;18,0027;;0,731;1;0,0038;0,0061;-0,748;0;;6,631;;0,263;;;;;6,894;2;;;;;;
D93;2;NPK-Dünger 6-20-30;NPK-Dünger 6-20-30;kg/ha;6;2;4;0;8,72;24,9;0,05;0;19,981008;30,0045;;0,905;1;0,0038;0,0061;-0,748;0;;9,119;;0,414;;;;;9,533;2;;;;;;
D148;2;Nutribor;Nutribor;kg/ha;6;;;;0;0;9;3,01517;0;0;;0,469;1;0,0038;0,0061;-0,748;0;;2,898;;0,038;;;;;2,936;2;;;;;;
D120;2;P 40;P 40;kg/ha;0;0;0;0;17,44;0;0;0;39,962016;0;;0,472;1;0;0;0;0;;6,526;;0,44;;;;;6,965;2;;;;;;
D28;2;Patentkali;Patentkali;kg/ha;0;0;0;0;0;24,9;18;6,03;0;30,0045;;0,289;1,28;0;0;0;0;0,364;7,463;0,011;0,454;0;0;0,159;0,015;8,466;2;;;;;;
D40;2;Piamon;"Ammonsulfat-Harnstoff, ""Piamon""";kg/ha;33;0;10;23;0;0;12;0;0;0;;1,028;1;0,0038;0,0061;0,429;0;2,795;17,237;0,202;0,717;0,001;2,686;0,315;0,186;24,139;2;;;;;;
D52;2;Piasan 24 S;Stickstoffdüngerlösung mit Schwefel, ;l/ha;24;5;8;11;0;0;3;0;0;0;;0,463;1,28;0,0038;0,0061;0;0;6,445;2,145;0,455;0,011;0,002;6,444;0,392;0,39;16,284;2;;;;;;
D211;2;PK 12-19-5-4;PK-12-19-5-4;kg/ha;0;0;0;0;5,2368;15,7738;4;3,016;11,99960352;19,007429;;0,268;1;0;0;0;0;;3,91;;0,248;;;;;4,158;2;;;;;;
D124;2;PK 14-22;PK 14-22;kg/ha;0;0;0;0;6,104;18,26;0,05;0;13,9867056;22,0033;;0,312;1;0;0;0;0;;4,454;;0,268;;;;;4,722;2;;;;;;
D125;2;PK 20-30;PK 20-30;kg/ha;0;0;0;0;8,72;24,9;0,05;0;19,981008;30,0045;;0,436;1;0;0;0;0;;6,221;;0,376;;;;;6,597;2;;;;;;
D212;2;Rapspower;Rapspower;kg/ha;37;;7;30;;;8;;;;;2,893;1;0,0038;0,0061;-0,748;0;;17,871;;0,233;;;;;18,104;2;;;;;;
D142;1;Rindergülle;Rindergülle;m3/ha;0,4;;0,2;;0,19;0,41;0,41;0,102;0,435366;0,49405;;0;1;0,0038;0,0061;0,995;0,4;0;0;0;0;0;0;0;0;0;1;;;;;;
;1;Schweinegülle ;;m3/ha;0,3;;0,3;;0,35;0,42;0,029;0,082;0,80199;0,5061;;0;1;0,0038;0,0061;0,995;0,2;0;0;0;0;0;0;0;0;0;1;;;;;;
D137;1;Stallmist (Rind, Lagerung im sommer);Stallmist;kg/ha;0,6;;0,2;;0,1308;0,5395;;0,18;0,29971512;0,6500975;;0;1;0,0038;0,0061;0,995;0,9;0;0;0;0;0;0;0;0;0;1;;;;;;
;1;Stallmist (Rind, Lagerung im winter);Stallmist;kg/ha;0,6;;0,04;;0,1308;0,5395;;0,18;0,29971512;0,6500975;;0;1;0,0038;0,0061;0,995;0,9;0;0;0;0;0;0;0;0;0;1;;;;;;
D121;2;Superphosphat;Superphosphat;kg/ha;0;0;0;0;7,848;0;12;0;17,9829072;0;;0,207;1;0;0;0;0;0,211;5,607;0,029;0,363;0,002;0;0,285;0,052;6,55;2;;;;;;
D146;2;Thomaskal 0-10-15-3;Thomaskali 0-10-15-3;kg/ha;0;0;0;0;4,36421;12,45222;3;1,80911;10,00015079;15,0049251;;0,218;1;0;0;0;0;;3,113;;0,188;;;;;3,301;2;;;;;;
D117;2;Thomaskali 0-10-20;Thomaskali 0-10-20 (3+2);kg/ha;0;0;0;0;4,36;16,6;2;1,809;9,990504;20,003;;0,251;1;0;0;0;0;;3,87;;0,274;;;;;4,144;2;;;;;;
D118;2;Thomaskali 13-30-3;Thomaskali 13-30-3;kg/ha;0;0;0;0;5,668;24,9;2;1,809;12,9876552;30,0045;;0,353;1;0;0;0;0;;5,345;;0,359;;;;;5,704;2;;;;;;
D116;2;Thomaskali 6-16-6;Thomaskali 6-16-6;kg/ha;0;0;0;0;2,616;13,28;2;3,618;5,9943024;16,0024;;0,698;1;0;0;0;0;;4,324;;0,257;;;;;4,581;2;;;;;;
D208;2;Thomaskali 7-21 ;Thomaskali 7-21 (5+4);kg/ha;0;0;0;0;3,05;17,43;4;3,017;6,98877;21,00315;;0,222;1;0;0;0;0;;3,478;;0,246;;;;;3,724;2;;;;;;
D133;2;Thomaskali 7-21-4;Thomaskali 7-21-4;kg/ha;0;0;0;0;3,05494;17,43331;3;2,41214;7,000089516;21,00713855;;0,223;1;0;0;0;0;;3,489;;0,247;;;;;3,736;2;;;;;;
D216;2;Thomaskali 8-15-6;;kg/ha;;;;;8;6;;4;18,3312;7,23;;0,223;1;0,0038;0,0061;0;0;;3,489;;0,247;;;;;3,736;2;;;;;;
D214;2;Thomasphosphat 8-15-6;Thomasphosphat 8-15-6;kg/ha;0;0;0;0;3,4912;3,6192;;0;7,99973568;4,361136;;0,285;1;0;0;0;0;;4,128;;0,237;;;;;4,364;2;;;;;;
D122;2;Triple-Superphosphat;Triple-Superphosphat;kg/ha;0;0;0;0;20,056;0;0;0;45,9563184;0;;0,467;1;0;0;0;0;0,361;14,69;0,048;1,997;0,035;0;0,472;0,066;17,669;2;;;;;;
D149;2;Yara Vita Raps;Yara Vita Raps;l/ha;4,6;;;;0;0;0;5,30672;0;0;;0,445;1,527;0,0038;0,0061;-0,748;0;;2,351;;0,058;;;;;2,409;2;;;;;;
